{
  "version": 1,
  "author": "Anonymous maker",
  "editor": "wokwi",
  "parts": [
    { "type": "wokwi-arduino-uno", "id": "uno", "top": 99.33, "left": -26, "attrs": {} },
    {
      "type": "wokwi-buzzer",
      "id": "bz1",
      "top": 3.27,
      "left": -16.67,
      "attrs": { "volume": "0.1" }
    },
    { "type": "wokwi-hc-sr04", "id": "ultrasonic1", "top": 75.27, "left": 271.33, "attrs": {} }
  ],
  "connections": [
    [ "uno:11", "bz1:2", "red", [ "v0" ] ],
    [ "uno:5V", "ultrasonic1:VCC", "red", [ "v28.85", "h174.67" ] ],
    [ "uno:13", "bz1:1", "black", [ "v-13.32", "h-87" ] ],
    [ "uno:GND.2", "ultrasonic1:GND", "black", [ "v-9.15", "h238.5" ] ],
    [ "uno:2", "ultrasonic1:TRIG", "green", [ "v-49.32", "h143.5" ] ],
    [ "uno:3", "ultrasonic1:ECHO", "green", [ "v84.01", "h155" ] ]
  ]
}